co001,M.,Italus,Dylan,Italus.Dylan,458
co002,Mme,Parthenia,Divya,Parthenia.Divya,847
co003,Autre,Godafrid,Iucunda,Godafrid.Iacunda,456
co004,Mme,Daffodil,Zorica,Daffodil.Zorrica,111
co005,Mme,Frederick,Eve,Frederick.Eve,158
co006,Autre,Michal,Beulah,Michal.Beulah,495
co007,Mme,Bhavna,Sonam,Bhavna.Sonam,325
co008,M.,Marijona,Hakon,Marijona.Hakon,147
co009,Mme,Torvald,Therese,Torvald.Therese,745
co010,M.,Tau,Clovis,Tau.Clovis,551